pid,time,method,familiar_macros,all_three_within10,total_carb_actual,total_carb_predicted,protein_actual,protein_predicted,total_fat_actual,total_fat_predicted
4,2020-03-02 08:15:00,population_ridge,False,False,114.0,45.49354662794293,15.9,17.068546275651535,0.9,19.255697594944767
4,2020-03-02 12:30:00,population_ridge,False,False,6.8,47.626256413056666,21.9,17.396668315361758,11.7,16.28358251430217
4,2020-03-02 16:30:00,population_ridge,False,False,117.0,36.09643036773281,49.0,16.01791296422089,38.0,17.3039504998236
4,2020-03-03 09:30:00,population_ridge,True,False,56.5,64.53376990232579,8.0,14.235379799616755,2.5,13.039112620950322
4,2020-03-03 15:30:00,population_ridge,False,False,10.6,61.75514917050121,22.4,18.401263679326558,11.3,16.965430059474343
4,2020-03-03 20:30:00,population_ridge,False,False,6.8,38.49691717349707,55.3,19.96457756250902,28.5,19.796400408055753
4,2020-03-04 11:30:00,population_ridge,False,False,77.5,66.36477585677093,34.9,30.65327827319019,37.7,27.223166951709445
4,2020-03-05 09:00:00,population_ridge,False,False,83.5,53.412563346428776,9.3,17.545540900441225,2.9,19.579874929766767
4,2020-03-05 13:15:00,population_ridge,False,False,58.8,53.07174968645521,48.3,19.12709142704994,17.6,16.79305051084593
4,2020-03-05 20:00:00,population_ridge,False,False,6.8,47.54586043304623,42.3,14.669348168361525,4.8,17.761774119267944
4,2020-03-02 08:15:00,personal_offset,False,False,114.0,49.000802757209556,15.9,41.05064129724156,0.9,20.198509386531985
4,2020-03-02 12:30:00,personal_offset,False,False,6.8,51.13351254232329,21.9,41.378763336951785,11.7,17.22639430588939
4,2020-03-02 16:30:00,personal_offset,False,False,117.0,39.60368649699943,49.0,40.00000798581092,38.0,18.246762291410818
4,2020-03-03 09:30:00,personal_offset,True,False,56.5,68.04102603159241,8.0,38.21747482120678,2.5,13.981924412537541
4,2020-03-03 15:30:00,personal_offset,False,False,10.6,65.26240529976783,22.4,42.38335870091659,11.3,17.90824185106156
4,2020-03-03 20:30:00,personal_offset,False,False,6.8,42.00417330276369,55.3,43.94667258409905,28.5,20.73921219964297
4,2020-03-04 11:30:00,personal_offset,False,False,77.5,69.87203198603756,34.9,54.635373294780216,37.7,28.165978743296662
4,2020-03-05 09:00:00,personal_offset,False,False,83.5,56.9198194756954,9.3,41.52763592203125,2.9,20.522686721353985
4,2020-03-05 13:15:00,personal_offset,False,False,58.8,56.579005815721835,48.3,43.10918644863997,17.6,17.735862302433148
4,2020-03-05 20:00:00,personal_offset,False,False,6.8,51.05311656231285,42.3,38.65144318995155,4.8,18.70458591085516
4,2020-03-02 08:15:00,personal_linear_10,False,False,114.0,57.94417367689588,15.9,60.59904282851456,0.9,27.120952608501522
4,2020-03-02 12:30:00,personal_linear_10,False,False,6.8,61.586296887970036,21.9,63.40445245226239,11.7,21.299421431485463
4,2020-03-02 16:30:00,personal_linear_10,False,False,117.0,49.901423981749986,49.0,62.307592806842216,38.0,27.260631953863363
4,2020-03-03 09:30:00,personal_linear_10,True,False,56.5,30.59453956190309,8.0,3.275994789202006,2.5,0.0
4,2020-03-03 15:30:00,personal_linear_10,False,False,10.6,85.13856869209086,22.4,70.19655739201134,11.3,19.799022352439465
4,2020-03-03 20:30:00,personal_linear_10,False,False,6.8,48.363364670979244,55.3,0.0,28.5,5.453844181155903
4,2020-03-04 11:30:00,personal_linear_10,False,False,77.5,59.23522849261807,34.9,0.0,37.7,0.0
4,2020-03-05 09:00:00,personal_linear_10,False,False,83.5,53.58247674943378,9.3,34.46103209442917,2.9,15.914038103960214
4,2020-03-05 13:15:00,personal_linear_10,False,False,58.8,58.6429419387692,48.3,45.38283243492769,17.6,13.373982510712903
4,2020-03-05 20:00:00,personal_linear_10,False,False,6.8,70.22850578404443,42.3,58.772747000232236,4.8,26.886482939360008
4,2020-03-02 08:15:00,personal_kernel_1,False,False,114.0,51.33998668682232,15.9,53.69661131631043,0.9,23.570396456258006
4,2020-03-02 12:30:00,personal_kernel_1,False,False,6.8,59.542193470036814,21.9,56.380020943004695,11.7,19.661050184979025
4,2020-03-02 16:30:00,personal_kernel_1,False,False,117.0,41.85154970806183,49.0,52.86546871853676,38.0,22.31291866235618
4,2020-03-03 09:30:00,personal_kernel_1,True,False,56.5,52.51181198546931,8.0,24.099900876245258,2.5,7.411048741392899
4,2020-03-03 15:30:00,personal_kernel_1,False,False,10.6,81.21575860052235,22.4,55.20542538085326,11.3,20.1534968463811
4,2020-03-03 20:30:00,personal_kernel_1,False,False,6.8,41.53512918527196,55.3,30.662177230018866,28.5,17.477937413244902
4,2020-03-04 11:30:00,personal_kernel_1,False,False,77.5,66.22359471820894,34.9,43.16592284931783,37.7,21.100711845564362
4,2020-03-05 09:00:00,personal_kernel_1,False,False,83.5,51.232995582481834,9.3,37.89953336782925,2.9,16.986164899149525
4,2020-03-05 13:15:00,personal_kernel_1,False,False,58.8,58.757460789044,48.3,45.379474085474875,17.6,14.870858674285902
4,2020-03-05 20:00:00,personal_kernel_1,False,False,6.8,60.547598847566135,42.3,53.44506225379929,4.8,22.847527839868963
4,2020-03-02 08:15:00,nearest_onboarding,False,False,114.0,25.9,15.9,2.0,0.9,0.5
4,2020-03-02 12:30:00,nearest_onboarding,False,False,6.8,134.8,21.9,125.8,11.7,46.6
4,2020-03-02 16:30:00,nearest_onboarding,False,False,117.0,26.4,49.0,48.4,38.0,11.7
4,2020-03-03 09:30:00,nearest_onboarding,True,True,56.5,56.5,8.0,8.0,2.5,2.5
4,2020-03-03 15:30:00,nearest_onboarding,False,False,10.6,134.8,22.4,125.8,11.3,46.6
4,2020-03-03 20:30:00,nearest_onboarding,False,False,6.8,26.4,55.3,48.4,28.5,11.7
4,2020-03-04 11:30:00,nearest_onboarding,False,False,77.5,26.4,34.9,48.4,37.7,11.7
4,2020-03-05 09:00:00,nearest_onboarding,False,False,83.5,25.9,9.3,2.0,2.9,0.5
4,2020-03-05 13:15:00,nearest_onboarding,False,False,58.8,70.0,48.3,13.0,17.6,0.1
4,2020-03-05 20:00:00,nearest_onboarding,False,False,6.8,134.8,42.3,125.8,4.8,46.6
4,2020-03-02 08:15:00,no_sensor_median,False,False,114.0,52.6,15.9,10.5,0.9,7.1
4,2020-03-02 12:30:00,no_sensor_median,False,False,6.8,52.6,21.9,10.5,11.7,7.1
4,2020-03-02 16:30:00,no_sensor_median,False,False,117.0,52.6,49.0,10.5,38.0,7.1
4,2020-03-03 09:30:00,no_sensor_median,True,False,56.5,52.6,8.0,10.5,2.5,7.1
4,2020-03-03 15:30:00,no_sensor_median,False,False,10.6,52.6,22.4,10.5,11.3,7.1
4,2020-03-03 20:30:00,no_sensor_median,False,False,6.8,52.6,55.3,10.5,28.5,7.1
4,2020-03-04 11:30:00,no_sensor_median,False,False,77.5,52.6,34.9,10.5,37.7,7.1
4,2020-03-05 09:00:00,no_sensor_median,False,False,83.5,52.6,9.3,10.5,2.9,7.1
4,2020-03-05 13:15:00,no_sensor_median,False,False,58.8,52.6,48.3,10.5,17.6,7.1
4,2020-03-05 20:00:00,no_sensor_median,False,False,6.8,52.6,42.3,10.5,4.8,7.1
5,2020-03-03 09:40:00,population_ridge,True,False,56.5,63.39549313374835,8.0,24.320853001952653,2.5,18.213910819034023
5,2020-03-04 14:00:00,population_ridge,False,False,43.4,65.53222384433515,4.300000000000001,24.05915394265075,8.0,18.82510429883755
5,2020-03-04 18:30:00,population_ridge,False,False,154.0,77.85414138293089,77.0,30.1835161159979,95.0,25.564299281791858
5,2020-03-04 22:15:00,population_ridge,True,False,3.0,61.6509773507284,1.0,25.583563241177053,5.5,18.948215041619605
5,2020-03-05 08:30:00,population_ridge,True,False,56.5,61.354573516284546,8.0,23.530300500519022,2.5,16.119391296688004
5,2020-03-05 13:30:00,population_ridge,False,False,17.0,51.16575414124622,13.0,28.358824397426993,28.0,17.719131059290792
5,2020-03-05 22:00:00,population_ridge,False,False,119.0,73.21236956678082,9.6,23.77051199889566,28.0,20.98858686275222
5,2020-03-06 13:30:00,population_ridge,False,False,9.1,52.74551536926436,9.4,28.810485404194903,21.1,18.763547202493204
5,2020-03-06 21:00:00,population_ridge,False,False,42.1,71.78016176638484,9.4,23.777896340767544,18.1,18.597016602355136
5,2020-03-03 09:40:00,personal_offset,True,False,56.5,24.228498706470674,8.0,7.543185657869373,2.5,5.217475121959994
5,2020-03-04 14:00:00,personal_offset,False,False,43.4,26.36522941705747,4.300000000000001,7.281486598567469,8.0,5.828668601763523
5,2020-03-04 18:30:00,personal_offset,False,False,154.0,38.68714695565321,77.0,13.40584877191462,95.0,12.567863584717829
5,2020-03-04 22:15:00,personal_offset,True,False,3.0,22.483982923450718,1.0,8.805895897093773,5.5,5.951779344545576
5,2020-03-05 08:30:00,personal_offset,True,False,56.5,22.187579089006867,8.0,6.752633156435742,2.5,3.1229555996139755
5,2020-03-05 13:30:00,personal_offset,False,False,17.0,11.99875971396854,13.0,11.581157053343713,28.0,4.722695362216763
5,2020-03-05 22:00:00,personal_offset,False,False,119.0,34.04537513950314,9.6,6.99284465481238,28.0,7.992151165678193
5,2020-03-06 13:30:00,personal_offset,False,False,9.1,13.578520941986682,9.4,12.032818060111623,21.1,5.767111505419175
5,2020-03-06 21:00:00,personal_offset,False,False,42.1,32.61316733910716,9.4,7.000228996684264,18.1,5.600580905281108
5,2020-03-03 09:40:00,personal_linear_10,True,False,56.5,37.814595890827846,8.0,11.429201716218097,2.5,5.224057566249126
5,2020-03-04 14:00:00,personal_linear_10,False,False,43.4,24.49969066665667,4.300000000000001,10.110356813297141,8.0,6.659073792732562
5,2020-03-04 18:30:00,personal_linear_10,False,False,154.0,50.85501465388976,77.0,13.381944706406554,95.0,10.89514619727057
5,2020-03-04 22:15:00,personal_linear_10,True,False,3.0,8.789565733863725,1.0,9.326977397613273,5.5,7.332355157455062
5,2020-03-05 08:30:00,personal_linear_10,True,False,56.5,34.988862846160295,8.0,12.031452236964864,2.5,4.096643975653237
5,2020-03-05 13:30:00,personal_linear_10,False,False,17.0,12.092467915458748,13.0,12.713520738694045,28.0,5.435170938305486
5,2020-03-05 22:00:00,personal_linear_10,False,False,119.0,1.5504624779948273,9.6,9.157430239374433,28.0,10.670805669137089
5,2020-03-06 13:30:00,personal_linear_10,False,False,9.1,7.278820086008487,9.4,12.363765501124433,21.1,6.613784643176892
5,2020-03-06 21:00:00,personal_linear_10,False,False,42.1,13.378717224495915,9.4,9.655571259936895,18.1,7.845462551615572
5,2020-03-03 09:40:00,personal_kernel_1,True,False,56.5,32.77167162695166,8.0,10.970173013728829,2.5,5.452146123035926
5,2020-03-04 14:00:00,personal_kernel_1,False,False,43.4,25.189895655538738,4.300000000000001,9.405911399686577,8.0,6.405158398408517
5,2020-03-04 18:30:00,personal_kernel_1,False,False,154.0,41.81072489865484,77.0,13.804835669351675,95.0,12.113071151994754
5,2020-03-04 22:15:00,personal_kernel_1,True,False,3.0,13.307485191821703,1.0,10.374481711963016,5.5,7.4757413424181
5,2020-03-05 08:30:00,personal_kernel_1,True,False,56.5,29.577028846881802,8.0,10.365730527123995,2.5,3.6825069739428455
5,2020-03-05 13:30:00,personal_kernel_1,False,False,17.0,10.927210344979176,13.0,14.76168019147287,28.0,6.451667576398255
5,2020-03-05 22:00:00,personal_kernel_1,False,False,119.0,19.44362759539958,9.6,6.194028987943268,28.0,8.437977703530628
5,2020-03-06 13:30:00,personal_kernel_1,False,False,9.1,8.606449013121818,9.4,14.409055242541145,21.1,7.4512088846113045
5,2020-03-06 21:00:00,personal_kernel_1,False,False,42.1,22.32224165742757,9.4,6.9208173190827615,18.1,6.123865825360497
5,2020-03-03 09:40:00,nearest_onboarding,True,True,56.5,56.5,8.0,8.0,2.5,2.5
5,2020-03-04 14:00:00,nearest_onboarding,False,False,43.4,0.3,4.300000000000001,5.0,8.0,5.5
5,2020-03-04 18:30:00,nearest_onboarding,False,False,154.0,56.5,77.0,8.0,95.0,2.5
5,2020-03-04 22:15:00,nearest_onboarding,True,False,3.0,0.9,1.0,6.4,5.5,9.3
5,2020-03-05 08:30:00,nearest_onboarding,True,True,56.5,56.5,8.0,8.0,2.5,2.5
5,2020-03-05 13:30:00,nearest_onboarding,False,False,17.0,9.6,13.0,17.299999999999997,28.0,9.0
5,2020-03-05 22:00:00,nearest_onboarding,False,False,119.0,0.9,9.6,6.4,28.0,9.3
5,2020-03-06 13:30:00,nearest_onboarding,False,False,9.1,9.6,9.4,17.299999999999997,21.1,9.0
5,2020-03-06 21:00:00,nearest_onboarding,False,False,42.1,0.3,9.4,5.0,18.1,5.5
5,2020-03-03 09:40:00,no_sensor_median,True,False,56.5,4.45,8.0,6.45,2.5,7.25
5,2020-03-04 14:00:00,no_sensor_median,False,False,43.4,4.45,4.300000000000001,6.45,8.0,7.25
5,2020-03-04 18:30:00,no_sensor_median,False,False,154.0,4.45,77.0,6.45,95.0,7.25
5,2020-03-04 22:15:00,no_sensor_median,True,False,3.0,4.45,1.0,6.45,5.5,7.25
5,2020-03-05 08:30:00,no_sensor_median,True,False,56.5,4.45,8.0,6.45,2.5,7.25
5,2020-03-05 13:30:00,no_sensor_median,False,False,17.0,4.45,13.0,6.45,28.0,7.25
5,2020-03-05 22:00:00,no_sensor_median,False,False,119.0,4.45,9.6,6.45,28.0,7.25
5,2020-03-06 13:30:00,no_sensor_median,False,False,9.1,4.45,9.4,6.45,21.1,7.25
5,2020-03-06 21:00:00,no_sensor_median,False,False,42.1,4.45,9.4,6.45,18.1,7.25
6,2020-03-02 15:00:00,population_ridge,False,False,9.2,54.550642050302905,1.1,25.559714893581877,3.6,23.732546117265517
6,2020-03-02 22:00:00,population_ridge,False,False,226.0,83.33913647897745,31.0,17.71759447979108,31.1,19.264671416974178
6,2020-03-04 08:25:00,population_ridge,True,False,56.5,88.29347450126552,8.0,17.956266009555264,2.5,15.543983072750633
6,2020-03-04 13:20:00,population_ridge,False,False,45.9,63.07667798280574,33.0,20.413507839303623,31.1,16.331683440631295
6,2020-03-04 20:25:00,population_ridge,False,False,40.0,47.571102281984935,10.0,22.65917591705687,8.0,18.431512695248696
6,2020-03-05 00:05:00,population_ridge,False,False,34.0,83.71275759069587,2.1,25.172986026758455,10.0,23.879880022994882
6,2020-03-05 11:00:00,population_ridge,True,False,5.0,50.037014656768974,30.0,19.871444626025692,3.0,19.133306419450097
6,2020-03-05 18:15:00,population_ridge,True,False,5.0,50.425750290520796,30.0,21.07671867491948,3.0,17.65864387324062
6,2020-03-05 23:30:00,population_ridge,False,False,228.0,95.79832617129952,56.0,32.380219471859334,31.6,32.416161292368336
6,2020-03-06 13:00:00,population_ridge,True,False,56.5,57.22888177695564,8.0,20.0475493983666,2.5,14.035150996818164
6,2020-03-07 08:20:00,population_ridge,False,False,43.4,62.787492652863264,13.2,19.761030769397927,12.4,13.641285169044277
6,2020-03-08 19:50:00,population_ridge,False,False,111.0,85.35369252363566,12.3,13.214689138895357,28.5,13.977499366019774
6,2020-03-02 15:00:00,personal_offset,False,False,9.2,66.68227559777526,1.1,26.675634538180866,3.6,21.239364761492926
6,2020-03-02 22:00:00,personal_offset,False,False,226.0,95.47077002644981,31.0,18.83351412439007,31.1,16.771490061201586
6,2020-03-04 08:25:00,personal_offset,True,False,56.5,100.42510804873788,8.0,19.072185654154254,2.5,13.050801716978041
6,2020-03-04 13:20:00,personal_offset,False,False,45.9,75.2083115302781,33.0,21.529427483902612,31.1,13.838502084858703
6,2020-03-04 20:25:00,personal_offset,False,False,40.0,59.702735829457296,10.0,23.77509556165586,8.0,15.938331339476104
6,2020-03-05 00:05:00,personal_offset,False,False,34.0,95.84439113816823,2.1,26.288905671357444,10.0,21.38669866722229
6,2020-03-05 11:00:00,personal_offset,True,False,5.0,62.168648204241336,30.0,20.98736427062468,3.0,16.640125063677505
6,2020-03-05 18:15:00,personal_offset,True,False,5.0,62.55738383799316,30.0,22.19263831951847,3.0,15.165462517468029
6,2020-03-05 23:30:00,personal_offset,False,False,228.0,107.92995971877188,56.0,33.49613911645832,31.6,29.922979936595745
6,2020-03-06 13:00:00,personal_offset,True,False,56.5,69.360515324428,8.0,21.163469042965588,2.5,11.541969641045572
6,2020-03-07 08:20:00,personal_offset,False,False,43.4,74.91912620033563,13.2,20.876950413996916,12.4,11.148103813271685
6,2020-03-08 19:50:00,personal_offset,False,False,111.0,97.48532607110802,12.3,14.330608783494347,28.5,11.484318010247183
6,2020-03-02 15:00:00,personal_linear_10,False,False,9.2,28.06068191430013,1.1,18.62074863381251,3.6,15.143511758138944
6,2020-03-02 22:00:00,personal_linear_10,False,False,226.0,201.68004729208752,31.0,35.48605593776831,31.1,29.444991293103048
6,2020-03-04 08:25:00,personal_linear_10,True,False,56.5,153.29211163209396,8.0,11.315188323496598,2.5,17.631139787039302
6,2020-03-04 13:20:00,personal_linear_10,False,False,45.9,104.71377931459605,33.0,23.812263758169163,31.1,17.987796601747807
6,2020-03-04 20:25:00,personal_linear_10,False,False,40.0,25.569001361981254,10.0,19.61464654270351,8.0,12.372774148833418
6,2020-03-05 00:05:00,personal_linear_10,False,False,34.0,119.03663247757659,2.1,19.93285022249814,10.0,24.13290340327787
6,2020-03-05 11:00:00,personal_linear_10,True,False,5.0,21.610399732928588,30.0,15.77747033344615,3.0,10.858264219443058
6,2020-03-05 18:15:00,personal_linear_10,True,False,5.0,46.45392678160577,30.0,22.11315857515376,3.0,14.30525011299154
6,2020-03-05 23:30:00,personal_linear_10,False,False,228.0,207.17982057452105,56.0,41.45264494585231,31.6,37.251836414397985
6,2020-03-06 13:00:00,personal_linear_10,True,False,56.5,92.46624316287397,8.0,28.845534872759366,2.5,17.53233185224783
6,2020-03-07 08:20:00,personal_linear_10,False,False,43.4,41.253551922763606,13.2,4.056835731153656,12.4,8.726160253082234
6,2020-03-08 19:50:00,personal_linear_10,False,False,111.0,220.45310444799034,12.3,33.92641705867663,28.5,28.544629952738475
6,2020-03-02 15:00:00,personal_kernel_1,False,False,9.2,47.395708634866224,1.1,23.470638960975617,3.6,17.41475409882207
6,2020-03-02 22:00:00,personal_kernel_1,False,False,226.0,118.25667151838019,31.0,24.60912919374051,31.1,16.94768397281931
6,2020-03-04 08:25:00,personal_kernel_1,True,False,56.5,103.62111993624707,8.0,19.27621068088309,2.5,14.462513378330609
6,2020-03-04 13:20:00,personal_kernel_1,False,False,45.9,82.30960570036285,33.0,22.411795672189893,31.1,19.562893312208892
6,2020-03-04 20:25:00,personal_kernel_1,False,False,40.0,39.5568745273944,10.0,21.760291348153782,8.0,12.820254870272654
6,2020-03-05 00:05:00,personal_kernel_1,False,False,34.0,98.3229908757521,2.1,25.621615637407853,10.0,23.344693386051446
6,2020-03-05 11:00:00,personal_kernel_1,True,False,5.0,43.869183393358696,30.0,19.43777684014086,3.0,12.483656548375151
6,2020-03-05 18:15:00,personal_kernel_1,True,False,5.0,45.49625513417501,30.0,20.191138860877807,3.0,15.437594514902191
6,2020-03-05 23:30:00,personal_kernel_1,False,False,228.0,116.68916970349976,56.0,35.62491612538028,31.6,30.002167866092627
6,2020-03-06 13:00:00,personal_kernel_1,True,False,56.5,72.04435325544982,8.0,23.009206393472528,2.5,17.416374940321866
6,2020-03-07 08:20:00,personal_kernel_1,False,False,43.4,64.93234400561083,13.2,14.27523432621944,12.4,7.16247152102252
6,2020-03-08 19:50:00,personal_kernel_1,False,False,111.0,109.37745526924273,12.3,17.365395110938536,28.5,11.498742642746684
6,2020-03-02 15:00:00,nearest_onboarding,False,False,9.2,5.0,1.1,30.0,3.6,3.0
6,2020-03-02 22:00:00,nearest_onboarding,False,False,226.0,188.0,31.0,52.0,31.1,21.6
6,2020-03-04 08:25:00,nearest_onboarding,True,False,56.5,70.0,8.0,26.0,2.5,26.0
6,2020-03-04 13:20:00,nearest_onboarding,False,False,45.9,70.0,33.0,26.0,31.1,26.0
6,2020-03-04 20:25:00,nearest_onboarding,False,False,40.0,5.0,10.0,30.0,8.0,3.0
6,2020-03-05 00:05:00,nearest_onboarding,False,False,34.0,70.0,2.1,26.0,10.0,26.0
6,2020-03-05 11:00:00,nearest_onboarding,True,False,5.0,70.0,30.0,26.0,3.0,26.0
6,2020-03-05 18:15:00,nearest_onboarding,True,False,5.0,70.0,30.0,26.0,3.0,26.0
6,2020-03-05 23:30:00,nearest_onboarding,False,False,228.0,188.0,56.0,52.0,31.6,21.6
6,2020-03-06 13:00:00,nearest_onboarding,True,False,56.5,70.0,8.0,26.0,2.5,26.0
6,2020-03-07 08:20:00,nearest_onboarding,False,False,43.4,56.5,13.2,8.0,12.4,2.5
6,2020-03-08 19:50:00,nearest_onboarding,False,False,111.0,188.0,12.3,52.0,28.5,21.6
6,2020-03-02 15:00:00,no_sensor_median,False,False,9.2,63.25,1.1,26.0,3.6,18.200000000000003
6,2020-03-02 22:00:00,no_sensor_median,False,False,226.0,63.25,31.0,26.0,31.1,18.200000000000003
6,2020-03-04 08:25:00,no_sensor_median,True,False,56.5,63.25,8.0,26.0,2.5,18.200000000000003
6,2020-03-04 13:20:00,no_sensor_median,False,False,45.9,63.25,33.0,26.0,31.1,18.200000000000003
6,2020-03-04 20:25:00,no_sensor_median,False,False,40.0,63.25,10.0,26.0,8.0,18.200000000000003
6,2020-03-05 00:05:00,no_sensor_median,False,False,34.0,63.25,2.1,26.0,10.0,18.200000000000003
6,2020-03-05 11:00:00,no_sensor_median,True,False,5.0,63.25,30.0,26.0,3.0,18.200000000000003
6,2020-03-05 18:15:00,no_sensor_median,True,False,5.0,63.25,30.0,26.0,3.0,18.200000000000003
6,2020-03-05 23:30:00,no_sensor_median,False,False,228.0,63.25,56.0,26.0,31.6,18.200000000000003
6,2020-03-06 13:00:00,no_sensor_median,True,False,56.5,63.25,8.0,26.0,2.5,18.200000000000003
6,2020-03-07 08:20:00,no_sensor_median,False,False,43.4,63.25,13.2,26.0,12.4,18.200000000000003
6,2020-03-08 19:50:00,no_sensor_median,False,False,111.0,63.25,12.3,26.0,28.5,18.200000000000003
7,2020-03-19 19:05:00,population_ridge,False,False,33.1,51.2689569689302,22.200000000000003,27.66744699801059,12.2,16.71456146508853
7,2020-03-20 10:00:00,population_ridge,True,False,71.2,55.7526715543461,15.4,23.40279937091087,7.6,16.04031571091221
7,2020-03-21 06:00:00,population_ridge,True,False,56.5,125.42657308669742,8.0,26.539744070238466,2.5,21.549461520525426
7,2020-03-19 19:05:00,personal_offset,False,False,33.1,51.11702323613093,22.200000000000003,21.898799067121196,12.2,12.147781599921071
7,2020-03-20 10:00:00,personal_offset,True,False,71.2,55.60073782154684,15.4,17.634151440021476,7.6,11.473535845744752
7,2020-03-21 06:00:00,personal_offset,True,False,56.5,125.27463935389815,8.0,20.771096139349073,2.5,16.98268165535797
7,2020-03-19 19:05:00,personal_linear_10,False,False,33.1,52.965585716675626,22.200000000000003,23.762439096221158,12.2,15.163408417283442
7,2020-03-20 10:00:00,personal_linear_10,True,False,71.2,65.38059787758355,15.4,15.163202701717234,7.6,10.14063476536373
7,2020-03-21 06:00:00,personal_linear_10,True,False,56.5,135.24043427794646,8.0,18.27476370654964,2.5,15.78291553612314
7,2020-03-19 19:05:00,personal_kernel_1,False,False,33.1,56.085445725854306,22.200000000000003,24.042786472663703,12.2,14.990267650595143
7,2020-03-20 10:00:00,personal_kernel_1,True,False,71.2,64.89422805739629,15.4,17.064819810969755,7.6,11.490121093581124
7,2020-03-21 06:00:00,personal_kernel_1,True,False,56.5,122.79423351293232,8.0,19.48422105984604,2.5,16.115154328609698
7,2020-03-19 19:05:00,nearest_onboarding,False,False,33.1,111.8,22.200000000000003,27.5,12.2,35.1
7,2020-03-20 10:00:00,nearest_onboarding,True,True,71.2,71.2,15.4,15.4,7.6,7.6
7,2020-03-21 06:00:00,nearest_onboarding,True,True,56.5,56.5,8.0,8.0,2.5,2.5
7,2020-03-19 19:05:00,no_sensor_median,False,False,33.1,56.5,22.200000000000003,15.4,12.2,9.55
7,2020-03-20 10:00:00,no_sensor_median,True,False,71.2,56.5,15.4,15.4,7.6,9.55
7,2020-03-21 06:00:00,no_sensor_median,True,False,56.5,56.5,8.0,15.4,2.5,9.55
8,2020-03-17 20:15:00,population_ridge,False,False,117.1,75.54233441898546,54.1,21.936771129977867,31.8,17.710139374137306
8,2020-03-18 09:55:00,population_ridge,False,False,27.299999999999997,76.21373474822083,10.3,22.984048118186994,8.8,18.930616288795044
8,2020-03-19 18:25:00,population_ridge,False,False,21.4,61.424106074307346,44.9,18.438007460309976,21.8,18.067193087989086
8,2020-03-20 06:35:00,population_ridge,False,False,27.4,38.961953053383226,22.4,20.52856310923746,25.7,15.065881365155256
8,2020-03-20 11:58:00,population_ridge,False,False,111.0,72.25551582022047,32.0,15.288291322854871,25.499999999999996,16.07609174927186
8,2020-03-21 09:00:00,population_ridge,True,False,56.5,50.61193299626594,8.0,17.3122701478158,2.5,11.858860987110397
8,2020-03-21 13:25:00,population_ridge,False,False,161.0,79.80200568766607,36.099999999999994,25.33065546145117,35.699999999999996,17.575968205221493
8,2020-03-21 17:00:00,population_ridge,False,False,126.3,39.72671782816363,8.5,9.167478250565194,18.9,15.796181411189519
8,2020-03-22 08:50:00,population_ridge,True,False,36.0,78.15670268660504,24.500000000000004,24.893856927861272,40.7,22.862506507482998
8,2020-03-22 14:10:00,population_ridge,False,False,134.0,42.95378411938825,9.0,13.66119931350255,28.0,8.062427118674188
8,2020-03-22 19:00:00,population_ridge,False,False,41.9,67.33310534874651,38.2,24.360788355180436,39.5,19.44082250909277
8,2020-03-17 20:15:00,personal_offset,False,False,117.1,84.84624365521636,54.1,25.851615878634863,31.8,25.79795600398152
8,2020-03-18 09:55:00,personal_offset,False,False,27.299999999999997,85.51764398445172,10.3,26.89889286684399,8.8,27.018432918639256
8,2020-03-19 18:25:00,personal_offset,False,False,21.4,70.72801531053824,44.9,22.352852208966972,21.8,26.155009717833302
8,2020-03-20 06:35:00,personal_offset,False,False,27.4,48.26586228961412,22.4,24.443407857894456,25.7,23.15369799499947
8,2020-03-20 11:58:00,personal_offset,False,False,111.0,81.55942505645136,32.0,19.203136071511867,25.499999999999996,24.163908379116073
8,2020-03-21 09:00:00,personal_offset,True,False,56.5,59.91584223249684,8.0,21.227114896472795,2.5,19.94667761695461
8,2020-03-21 13:25:00,personal_offset,False,False,161.0,89.10591492389696,36.099999999999994,29.245500210108165,35.699999999999996,25.663784835065705
8,2020-03-21 17:00:00,personal_offset,False,False,126.3,49.03062706439452,8.5,13.082322999222193,18.9,23.883998041033735
8,2020-03-22 08:50:00,personal_offset,True,False,36.0,87.46061192283594,24.500000000000004,28.808701676518268,40.7,30.95032313732721
8,2020-03-22 14:10:00,personal_offset,False,False,134.0,52.25769335561915,9.0,17.576044062159546,28.0,16.150243748518402
8,2020-03-22 19:00:00,personal_offset,False,False,41.9,76.63701458497741,38.2,28.275633103837432,39.5,27.52863913893698
8,2020-03-17 20:15:00,personal_linear_10,False,False,117.1,83.65934189988913,54.1,24.523965493334714,31.8,23.54143382403846
8,2020-03-18 09:55:00,personal_linear_10,False,False,27.299999999999997,90.68015652671832,10.3,32.57638182010093,8.8,32.48861669209904
8,2020-03-19 18:25:00,personal_linear_10,False,False,21.4,79.20136713984367,44.9,25.19730218250841,21.8,27.066637209778833
8,2020-03-20 06:35:00,personal_linear_10,False,False,27.4,67.38518921290294,22.4,29.322525266660165,25.7,31.11760581356978
8,2020-03-20 11:58:00,personal_linear_10,False,False,111.0,76.81629819523982,32.0,14.553131185028807,25.499999999999996,10.310523217010417
8,2020-03-21 09:00:00,personal_linear_10,True,False,56.5,94.6957367749854,8.0,26.6784918698249,2.5,20.19987058551063
8,2020-03-21 13:25:00,personal_linear_10,False,False,161.0,119.13481162611997,36.099999999999994,35.95877287755094,35.699999999999996,34.774251309794465
8,2020-03-21 17:00:00,personal_linear_10,False,False,126.3,47.59447288697727,8.5,11.5271119525872,18.9,11.52825906015137
8,2020-03-22 08:50:00,personal_linear_10,True,False,36.0,88.9831367070819,24.500000000000004,33.22566783125946,40.7,38.77531590434832
8,2020-03-22 14:10:00,personal_linear_10,False,False,134.0,88.71378279492009,9.0,21.99374439094369,28.0,11.763304244214465
8,2020-03-22 19:00:00,personal_linear_10,False,False,41.9,87.03522679094195,38.2,30.19769412288053,39.5,34.64599712903883
8,2020-03-17 20:15:00,personal_kernel_1,False,False,117.1,83.13133070874751,54.1,24.786604488020057,31.8,24.218532710470516
8,2020-03-18 09:55:00,personal_kernel_1,False,False,27.299999999999997,84.74514167601448,10.3,28.707175539134084,8.8,29.41267897405987
8,2020-03-19 18:25:00,personal_kernel_1,False,False,21.4,72.90158344595173,44.9,22.814348010629864,21.8,25.134947205872656
8,2020-03-20 06:35:00,personal_kernel_1,False,False,27.4,51.34830103596316,22.4,25.048613015848638,25.7,24.606347825146038
8,2020-03-20 11:58:00,personal_kernel_1,False,False,111.0,79.18372730176327,32.0,16.59687286987251,25.499999999999996,16.713588454464087
8,2020-03-21 09:00:00,personal_kernel_1,True,False,56.5,76.40492921391653,8.0,22.642387289113337,2.5,18.300932153408727
8,2020-03-21 13:25:00,personal_kernel_1,False,False,161.0,106.29018738978148,36.099999999999994,33.74046654753611,35.699999999999996,31.886427518224693
8,2020-03-21 17:00:00,personal_kernel_1,False,False,126.3,46.59316938666859,8.5,12.915982062430965,18.9,21.019238231481634
8,2020-03-22 08:50:00,personal_kernel_1,True,False,36.0,82.87924071620091,24.500000000000004,29.37136026444867,40.7,33.62759725115342
8,2020-03-22 14:10:00,personal_kernel_1,False,False,134.0,62.68041197257426,9.0,17.17209109318045,28.0,12.310726656472644
8,2020-03-22 19:00:00,personal_kernel_1,False,False,41.9,81.5486125385796,38.2,29.028726423996968,39.5,31.334149317860554
8,2020-03-17 20:15:00,nearest_onboarding,False,False,117.1,56.5,54.1,8.0,31.8,2.5
8,2020-03-18 09:55:00,nearest_onboarding,False,False,27.299999999999997,56.5,10.3,8.0,8.8,2.5
8,2020-03-19 18:25:00,nearest_onboarding,False,False,21.4,88.0,44.9,17.3,21.8,28.4
8,2020-03-20 06:35:00,nearest_onboarding,False,False,27.4,46.0,22.4,27.1,25.7,22.9
8,2020-03-20 11:58:00,nearest_onboarding,False,False,111.0,100.0,32.0,32.199999999999996,25.499999999999996,12.7
8,2020-03-21 09:00:00,nearest_onboarding,True,True,56.5,56.5,8.0,8.0,2.5,2.5
8,2020-03-21 13:25:00,nearest_onboarding,False,False,161.0,184.9,36.099999999999994,64.89999999999999,35.699999999999996,66.6
8,2020-03-21 17:00:00,nearest_onboarding,False,False,126.3,46.0,8.5,27.1,18.9,22.9
8,2020-03-22 08:50:00,nearest_onboarding,True,False,36.0,56.5,24.500000000000004,8.0,40.7,2.5
8,2020-03-22 14:10:00,nearest_onboarding,False,False,134.0,56.5,9.0,8.0,28.0,2.5
8,2020-03-22 19:00:00,nearest_onboarding,False,False,41.9,36.0,38.2,24.500000000000004,39.5,40.7
8,2020-03-17 20:15:00,no_sensor_median,False,False,117.1,56.5,54.1,23.500000000000004,31.8,24.299999999999997
8,2020-03-18 09:55:00,no_sensor_median,False,False,27.299999999999997,56.5,10.3,23.500000000000004,8.8,24.299999999999997
8,2020-03-19 18:25:00,no_sensor_median,False,False,21.4,56.5,44.9,23.500000000000004,21.8,24.299999999999997
8,2020-03-20 06:35:00,no_sensor_median,False,False,27.4,56.5,22.4,23.500000000000004,25.7,24.299999999999997
8,2020-03-20 11:58:00,no_sensor_median,False,False,111.0,56.5,32.0,23.500000000000004,25.499999999999996,24.299999999999997
8,2020-03-21 09:00:00,no_sensor_median,True,False,56.5,56.5,8.0,23.500000000000004,2.5,24.299999999999997
8,2020-03-21 13:25:00,no_sensor_median,False,False,161.0,56.5,36.099999999999994,23.500000000000004,35.699999999999996,24.299999999999997
8,2020-03-21 17:00:00,no_sensor_median,False,False,126.3,56.5,8.5,23.500000000000004,18.9,24.299999999999997
8,2020-03-22 08:50:00,no_sensor_median,True,False,36.0,56.5,24.500000000000004,23.500000000000004,40.7,24.299999999999997
8,2020-03-22 14:10:00,no_sensor_median,False,False,134.0,56.5,9.0,23.500000000000004,28.0,24.299999999999997
8,2020-03-22 19:00:00,no_sensor_median,False,False,41.9,56.5,38.2,23.500000000000004,39.5,24.299999999999997
